"Nb_Inflorescences","probability","number"
"1",0.224561403508773,285
"2",0.999999999999992,9
"3",0.999999999999994,3
"5",0.333333333333322,3
