"Position_A","probability","number"
"0",0.163265306122449,229
"1",0.574712643678161,220
