"Position_A","probability","number"
"0",0.448979591836735,49
"1",0.851063829787234,47
