"Position_A","Position_Ancestor_A","probability","number"
"0","0",0.111111121827618,9
"1","0",0.875000001267827,40
"0","1",0.379310350555105,29
"1","1",1.23611111111659,72
