"Burst_Month","11","12","1","2","3","4"
"9-10",0.151401149104519,0.807769211566852,0.0393863342905477,0.0014191779775703,9.11548043003307e-06,1.50115800811035e-05
"11",0.000782039903784136,0.0926435039685674,0.658742060774361,0.242362351466576,0.00205962817268468,0.00341041571402667
"12",2.00690870798512e-05,0.0026155561615458,0.069570756399375,0.751185095595365,0.0588695073189374,0.117739015437697
