"Nature_F","probability","number"
"0",0.461538461538461,21
"1",0.999999999569498,43
"2",0.999999999569498,25
