"Nature_F","probability","number"
"0",0.887850467289719,107
"1",1.17022649327656e-09,83
"2",0.0500000000000001,20
