"Burst_Month","probability","number"
"9-10-11-12",0.0238095238095251,210
"1-2-3",0.0863930885529113,463
"4-5",8.64686929366761e-09,68
